,sum_sq,df,F,PR(>F)
Intercept,136.08849660505192,1.0,5.563678314535141e+30,0.0
C(Tinggi_Tanaman),8.091664992710676,3.0,1.1026996445085357e+29,0.0
C(Luas_Permukaan_Wadah),41.37131101278039,5.0,3.3827497792660666e+29,0.0
C(Tinggi_Tanaman):C(Luas_Permukaan_Wadah),35.99484774880376,15.0,9.81046690699642e+28,0.0
Residual,5.2833959127177266e-27,216.0,,
